codigo_materia,nome_materia,vetor_embedding
CIC0136,ESTUDOS EM INTELIGENCIA ARTIFICIAL,"[0.0037825087,-0.004720173,0.009667767,-0.059361674,0.000101408805,-0.0035906546,-0.00047287642,0.020889224,0.010114401,-0.0103581995,-0.0027367813,0.011089685,-0.004383439,0.035045154,0.12145448,-0.0020861954,0.0045732176,-0.008764564,0.0017482872,-0.016842905,0.01899119,-0.0045661866,-0.00770853,-0.010140525,-0.032348603,0.018314254,0.030182764,0.015432752,0.044226512,-0.03424725,-0.018783148,0.015629882,0.021362,0.019481504,0.0016866056,0.025087861,0.014640234,-0.004633912,-0.008241798,0.021629443,0.0062581096,0.017626507,-0.007820394,0.02635285,0.032467604,-0.011202865,0.0022865345,-0.03249914,-0.022306573,0.008759314,-0.011824232,-0.0085772965,-0.015408629,-0.1797103,0.009030802,-0.0022409747,-0.014227811,-0.01260182,0.0054696267,0.009027173,-0.032202084,0.011450001,-0.008547299,0.007042323,-0.010406432,-0.00022162666,0.01916087,0.0092520425,-0.038413987,-0.023464195,-0.012518205,-0.012717515,-7.9702295e-06,-0.016791757,-0.008969414,-0.0021893727,-0.0003864514,0.014433538,0.008602294,0.058693927,-0.017305324,0.009821953,-0.00011752516,-0.008408544,-0.023537593,-0.024085978,-0.0030208593,-0.005200262,-0.01346739,0.005216724,-0.012822673,0.0071697137,-0.012478678,0.014984174,-0.012739674,-0.015253759,-0.013388874,-0.011973565,-0.012408072,0.014269732,-0.009873448,-0.00057582237,0.00997545,-0.027272774,0.023480942,-0.022690577,0.01358183,0.00086987746,-0.017940957,0.021864312,-0.0030228032,0.004878108,0.0056749,0.005450752,-0.00065950875,-0.19269137,0.01817995,0.010088865,-0.017053027,0.00772743,-0.018447503,0.010076902,0.0024117616,-0.0036711378,0.006834496,-0.005236415,0.0070530865,-0.010785588,-0.041039627,-0.006722064,0.017624512,-0.016480453,-0.006679725,0.017206771,-0.013014136,0.05573094,-0.042070303,-0.010775273,0.00011925056,0.00025417728,-0.013318024,0.012993213,0.020315759,0.026263338,-0.025039284,0.0033453652,-0.022691336,0.0025245976,0.015761757,-0.009825789,0.018423084,-0.009722347,0.0072997827,-0.022285135,-0.0016202772,-0.050410945,0.0029922093,0.003224543,-0.014414672,0.019951213,0.0013452134,-0.014903334,-0.0092239715,0.040118057,0.0006437806,0.026132133,0.0153166745,0.014218162,0.00042483612,0.01719256,0.01019745,-0.02539637,-0.013399131,-0.008974487,-0.0044798083,0.0036068533,0.0146039175,0.011535201,-0.002842144,-0.013811972,-0.0021129241,0.012008301,0.0025926768,0.00037116907,-0.0013762178,-0.007478408,-0.0067333276,0.01771718,0.008731005,-0.0035889274,-0.019013835,-0.012638863,-0.01528869,-0.016084012,0.0024945678,0.0009869355,-0.0008767469,0.006114653,-0.0022568072,0.023758264,0.005581229,-0.012128412,0.0037541767,-0.022928815,0.0032477854,-0.004493955,-0.011918725,-0.024964195,-0.005182277,-0.0016138764,-0.014461681,0.011913241,-0.004593959,-0.0032755374,0.011808713,-0.021424446,0.010403393,-0.008923561,0.005629592,-0.004439275,0.012163465,-0.0052221115,-0.00088259677,0.0027648632,-0.0015036035,-0.005735027,-0.012984409,-0.0031060271,0.020991873,0.0016965431,-0.00065332605,0.0047007143,0.00026276536,0.012468292,-0.006230461,-0.022704354,-0.009662429,0.009336367,0.023979018,-0.024899272,-0.023174303,0.007611067,-0.010096069,-0.00022734328,0.019765036,-0.017689819,0.014419535,0.03711596,-0.0034386285,-0.0040022186,-0.014585594,0.013464048,-0.0050988705,0.0029783202,0.0038525083,0.004968458]"
CIC0261,ESTUDOS EM INTELIGÊNCIA ARTIFICIAL,"[0.0027150388,-0.0009123691,0.0059595876,-0.058658924,-0.004462614,-0.004848854,-0.006582778,0.018951748,0.0141563425,-0.007852552,-0.005232908,0.005697607,-0.005135777,0.037623096,0.11514269,-0.008224717,0.006191731,-0.0049984306,0.009218813,-0.020237796,0.028262096,-0.005501044,-0.012245905,-0.008825257,-0.040006705,0.010968631,0.028247822,0.016259557,0.0394204,-0.030307777,-0.020157762,0.028324973,0.026189387,0.011884518,-0.0025157884,0.026463209,0.009163206,-0.0021531472,-0.018484522,0.017736383,0.0014198116,0.021912804,-0.0032899335,0.023674536,0.03407305,-0.013504844,0.011415977,-0.030970167,-0.02176654,0.0035857237,-0.0035904075,-0.013482515,-0.014426278,-0.17839162,0.013820238,0.00014105922,-0.016603453,-0.019489886,0.003943737,0.008432964,-0.03864716,0.011753718,-0.016491635,0.007477582,-0.0046789106,0.0059377607,0.028297847,0.015797693,-0.035610523,-0.025552165,-0.010856962,-0.01437089,0.009501326,-0.014915503,-0.018066363,-0.009202653,-0.00087222527,0.0137237655,-0.0027637298,0.06624971,-0.013573898,0.0037147454,0.0034197427,-0.0050311536,-0.018291876,-0.018846175,-0.000506041,0.008030725,-0.01832006,0.0065286765,-0.02386592,0.015791733,-0.01163184,0.012109712,-0.013111513,-0.0189921,-0.008817485,-0.008042311,-0.00915866,0.01145175,-0.0060111503,-0.0008435268,0.007145712,-0.023196511,0.011115232,-0.022364851,0.0051032985,0.00479151,-0.020207286,0.018004509,0.0029320426,0.011056302,0.008997036,0.0060840896,-0.0073174303,-0.19695407,0.010385667,0.014160493,-0.008126736,0.006324823,-0.020909905,0.008530797,0.0019474624,-0.0056325654,0.0053223446,-0.003120142,0.006652035,-0.0155805005,-0.029772999,-0.0058118333,0.011427289,-0.019683134,-0.008973814,0.01816249,-0.012338881,0.057267834,-0.04749268,-0.010341533,0.007394712,0.003066602,-0.015246285,0.012881612,0.02311015,0.030139133,-0.024812404,-0.0026577946,-0.017654777,-0.0042429236,0.014781478,-0.008381621,0.02142963,-0.00041408313,0.0006345068,-0.014628842,-0.00051310984,-0.042322744,0.0058502103,0.001797817,-0.0114634605,0.018940788,0.012325379,-0.011511084,-0.011499931,0.03129825,-0.002760835,0.020137522,0.010119202,0.010292186,0.0024397166,0.016953453,0.009598758,-0.025060717,-0.01696708,-0.010531214,-0.0061757835,0.0048898016,0.012009011,0.003124356,-0.0047604875,-0.01116966,-0.0035005328,0.007098652,0.008448515,-0.0044694757,0.003553587,-0.004925976,-0.0014573409,0.027380547,0.0077062505,0.0024754158,-0.018180288,-0.008126042,-0.01687172,-0.02149765,0.0016642965,0.00026187103,0.0005865215,0.004089682,-0.0023474328,0.023147546,0.0049077603,-0.002931498,0.0015186946,-0.029246481,0.01599376,-0.0038481432,-0.009839531,-0.017450348,-0.007933758,0.010833907,-0.015016128,0.008948862,-0.0068122935,-0.0026857601,0.0130768735,-0.019646114,0.006391218,-0.00927246,0.006138263,-0.010576818,0.004016865,0.0052276915,-0.0009928752,0.004385126,-0.008234864,-0.00726422,-0.017175384,-0.01072671,0.018326122,-0.0019535793,0.005399694,0.008722629,-0.0015626708,0.010846051,0.0012699609,-0.024933958,-0.012119355,0.010023644,0.028711807,-0.024915582,-0.018782718,0.0033435428,-0.0055332417,-0.006524726,0.02077822,-0.029394556,0.022939418,0.041083228,-0.00058356737,-0.009014439,-0.012485125,0.022171393,-0.0025933147,0.0077816434,0.0052156355,0.011786741]"
ICE0007,ETICA EM INTELIGENCIA ARTIFICIA,"[-0.014437556,-0.004576759,0.01639346,-0.073668584,0.001858379,-0.0016181259,-0.0150754405,0.018152002,0.018249225,-0.017890412,0.0069421683,0.015605259,0.010933119,0.0020469455,0.12104085,0.014221432,0.009926022,0.0030716453,0.009262638,-0.0036049224,0.034806404,0.016691642,-0.019075433,-0.01720914,-0.012363836,0.006994851,0.024509743,0.006725612,0.013178398,-0.024744224,-0.00560749,0.011209146,0.020782547,0.033461567,-0.0045441994,0.010055505,-0.007844423,0.0022898149,-0.029865047,0.01000437,0.00060464564,0.00922057,-0.011927321,0.011145808,0.006802671,0.013979302,0.022661453,-0.029596742,-0.013672164,-0.016930772,-0.0043001734,-0.005766062,-0.024315167,-0.21479137,0.0030597933,-0.011582355,-0.017967645,0.007143832,-0.008335693,-0.010338708,-0.035487853,0.0112492405,-0.009804139,0.00043156292,0.007908558,0.007283624,0.034306787,0.016447814,-0.021741433,-0.007773298,0.003899486,-0.018087227,0.014926124,-0.018191095,-0.01020468,0.0021659327,-0.012632369,0.0015385028,0.00033396587,0.036370944,-0.023447266,0.0030931302,0.016929217,-0.018525537,-0.008254843,-0.0088407295,0.0037693414,-0.002282672,-0.013775111,-0.0069738366,-0.025356976,0.009830167,-0.009417916,0.0064615216,0.0048688417,-0.0026623376,0.00011929935,0.0025027904,-0.01877763,-0.012967864,-0.014034615,-0.00407877,-0.00031832277,-0.013891914,0.019212838,-0.010782218,0.008902789,-0.015957298,-0.008193438,0.030800762,0.0145195555,-0.00077873276,-0.012290558,0.011790817,-0.0027258182,-0.20149244,-0.006872792,0.0031658702,0.004795385,-0.00654641,-0.007047519,0.029555626,0.011784227,0.00040337924,0.014095098,0.00307428,0.0209792,-0.007505952,0.007215338,0.00028057187,-0.0040371567,-2.0091668e-06,-0.0019998173,0.0047153593,0.006397241,0.061803352,-0.032704707,-0.0007458887,0.021369386,0.0049517713,-0.0047250013,0.040049512,0.015879726,0.01191986,-0.0025952614,-0.0016028231,-0.015199361,-0.0030192186,0.020921456,-0.017865991,0.004838655,-0.010483054,-0.014713916,-0.00933279,-0.022186948,-0.043400478,0.01688218,-0.016513253,0.011194791,0.0066079115,0.0044425316,-0.008142567,-0.01776093,0.029143132,-0.009426821,-0.0022827494,-0.0004914809,-0.0019543946,0.005441496,0.0077825524,-0.0041230284,-0.046618693,-0.0029251731,-0.008735525,0.0052329507,0.023671472,0.014843802,-0.0137710655,-0.0024849703,-0.012760333,-0.011919546,-0.01848012,0.010346275,-0.023998717,-0.0030211918,-0.0108619975,0.006287367,0.014312303,0.004597808,-8.141629e-06,-0.015139363,-0.007904337,0.0056810454,-0.016038274,0.010792886,0.002068919,-0.005546686,-0.0011521182,0.004956032,0.030193573,0.011830838,0.0022944778,0.0043290597,-0.029898625,0.0028329552,-0.018202579,-0.022856375,-0.024771841,0.004083428,-0.0097774295,-0.004977778,-0.0010658547,-0.0070743808,0.0016117821,0.015874006,-0.01563372,-0.0139969895,-0.015391551,0.03211115,-0.008043557,-0.0018937861,0.0017649409,0.004052199,0.0046783974,0.0015024424,-0.02991689,-0.013026919,-0.012795676,-0.0006426382,0.017734887,0.0110661965,0.02374571,0.0014779875,0.016728848,0.023314197,-0.015923096,-0.017486917,-0.014617192,0.014526022,-0.0009763367,-0.0052395076,0.00059950934,0.0020694216,-0.007060046,0.013137665,0.009003233,0.000114266804,0.034241043,-0.014661547,-0.02538659,-0.012522124,0.01920972,-0.011096628,0.016910845,0.022112379,0.008517117]"
ICE0006,FORMACAO EM INTELIGENCIA ARTIFICIAL,"[-0.0070378245,-0.004022268,0.014488187,-0.07383417,-0.008151479,-0.008697507,-0.008276451,0.020135554,0.0057655997,-0.014293749,-0.008126907,0.0009759629,0.0034246147,0.0040918738,0.15326999,0.00077814725,-0.0008740167,-0.006951667,0.0072819036,-0.0138373785,0.023124408,0.014391987,-0.012840099,-0.01404075,-0.020210061,-0.002845608,0.039465368,0.006581186,0.017202474,-0.018790891,-0.0078234235,0.016262546,0.034291614,0.0222775,-0.01064956,0.023129938,-0.00089261966,-0.01743138,-0.004413214,0.02193042,0.013372195,0.019121237,-0.0061216545,0.014378578,0.0010537542,-0.010480432,0.018756758,-0.030018637,-0.007998793,0.0019938399,-0.005204317,0.0033784,-0.014284443,-0.23053603,0.00081637135,-0.013199992,-0.0026425433,-0.0047821184,0.0018105702,-0.0068006865,-0.019704292,0.015102399,-0.006978556,0.0025536688,-0.0022733065,0.005216906,0.02397074,0.009330467,-0.015430629,-0.01768401,0.0128160855,-0.003705159,0.014770607,-0.016399877,-0.008009596,-0.0099177975,-0.0029897457,-0.00020230254,0.0059141982,0.047408197,-0.010996505,-0.005114764,0.009399579,-0.0071176705,-0.012557113,-0.018577477,-0.011883417,-0.0023777487,-0.005819938,-0.0017902704,-0.008035766,-0.0007062939,-0.012072659,0.011420068,-0.014772663,-0.026171135,0.004979826,-0.0023078886,-0.0028442554,-0.0029158709,-0.009132011,0.00695755,-0.00529473,-0.0047286805,0.014816256,-0.02388214,0.017582402,-0.011570178,-0.005299748,0.0113423085,0.007121304,-0.005725747,0.004059591,0.0063006836,-0.004328986,-0.1934368,0.022886224,0.018020667,-0.0059463643,-0.0056528393,-0.014986396,0.02268244,0.02316081,-0.002358845,0.0044223573,-0.0011145644,-0.0036628137,0.0013499868,-0.028494988,-0.008123307,-0.005237176,-0.014507297,-0.008122523,0.0037679356,0.013888811,0.055053268,-0.023786489,0.00323978,0.014454288,-0.013352105,-0.018422453,0.027836379,0.010403003,0.026991935,-0.0011985549,0.002243935,-0.013273789,0.0045943256,0.007343115,-0.023195254,0.012633042,-0.0156905,-0.0014904727,0.0033435784,-0.007583087,-0.026034882,0.01008304,-0.006316027,-0.0074638096,0.004513041,0.0137009835,-0.011762896,0.00017191008,0.016088143,0.0064708865,0.015261595,0.00047705238,0.005698657,-0.0019115858,0.011178765,0.00249326,-0.032781687,-0.022156449,-0.0022810402,0.0020440642,0.0033901057,0.007450135,-0.0058214534,-0.008182605,-0.00052214833,-0.012835168,-0.0042057517,-0.0052848067,-0.018730542,-0.0034895448,-0.009577526,-0.007741702,0.01446225,0.0013086596,0.0030128243,-0.020131959,-0.016612973,0.0047453106,-0.015458053,-0.002637248,-0.009991478,0.011234969,0.007040264,-0.0043871584,0.02587667,0.018940672,-0.012478549,0.022788884,-0.01737662,0.0035060968,-0.0037091847,-0.01143278,-0.018193224,-0.00019207902,-0.0031108945,-0.0077805137,-0.003568996,-0.004260753,0.0026588403,-0.009122931,-0.028375374,0.007830931,-0.018156966,0.004298624,-0.013073071,0.012771357,-0.011500615,0.014538442,-0.008949247,0.00085478026,-0.023600915,-0.031222008,-0.007194024,0.025496159,0.00558224,0.0058794124,0.013333641,0.006595887,0.020414352,-0.00094015343,-0.01849977,-0.005922669,0.0023679358,0.025686728,0.0009961099,-0.015161015,0.027151173,0.0031039668,-0.009752289,0.017903477,-0.014055472,0.0030309006,0.020600406,-0.0115149,-0.0035950383,-0.012334968,0.02633296,-0.021028858,-0.0038379482,0.009438293,-0.0005430832]"
EST0161,FUNDAMENTOS DE APRENDIZADO DE MAQUINA,"[0.0023602105,0.0052845622,0.015754953,-0.07808663,-0.009789315,0.015653716,-0.018200632,0.0040112115,-0.0031722402,0.005489702,0.007607071,0.010658507,0.011176286,-0.0073411525,0.14875816,0.017993992,0.00049196405,-0.013700816,-0.0024777332,0.00086386944,0.01912354,0.022119066,-0.022334242,-0.011719636,-0.0059819594,0.010606292,0.015129435,0.005701946,0.0037861366,-0.014112424,0.004219258,0.020509753,0.035454802,0.02588492,-0.02617739,0.021431694,-0.020458752,-0.014628396,0.0070140427,0.023104714,0.0032239396,0.002754701,0.0009802837,0.009832367,0.010168569,-0.0016894971,0.014027517,-0.023298532,-0.01296007,-0.007820632,-0.0018223637,-0.005396887,-0.006937948,-0.24639568,0.009921854,-0.0056150295,-0.005254566,0.0071756905,-0.0007974388,-0.012660881,-0.02707853,0.03430196,-0.011576904,0.0029028298,0.010006355,-1.4094267e-06,0.032134503,0.012579928,-0.022309348,-0.030434994,0.004515943,-0.007583087,0.019900823,-0.015466944,-0.019364996,-0.0027077347,-0.0022560388,0.0040725544,-0.0074818307,0.032449584,0.0080195125,-0.0013795241,0.013256039,-0.006711109,-0.0004886613,0.01785552,-0.012283222,0.001786041,0.00036608247,-0.0035575917,-0.0028697897,0.006778834,0.008084242,0.0044073416,-0.014044091,-0.0039688004,6.66543e-05,0.005327099,0.00070300006,-0.01634956,-0.003326464,-0.0042628665,-0.003090708,-0.021634022,0.011689277,-0.013728473,0.016669033,-0.009902785,-0.014680437,0.002698999,0.0012888538,0.008977864,0.014737961,-0.0047342526,-0.0010827071,-0.20251541,-0.0014658843,0.018519258,-0.009785331,-0.015322082,0.004052804,0.0059383167,0.01248203,0.010063633,0.004117195,0.013284842,0.008698783,-0.0018735644,-0.016922612,-0.010444368,-0.013373009,0.004279653,0.0010033865,-0.0028188117,0.0057716137,0.038198818,-0.019605624,-0.018861223,0.0054677175,-0.018892096,-0.009008988,0.008463909,0.0012022678,0.024227789,-0.009523227,-0.0059237774,-0.022931298,-0.0077422396,-0.0076015545,-0.0150907235,0.003121345,-0.008819918,-0.0057089636,-0.0023469736,-0.002665299,-0.038978875,0.0070384284,0.0035364933,-0.012547304,0.008781129,-0.0013902383,0.0017219837,-0.0023374427,0.010895588,-0.0061811036,0.016470341,-0.009745712,0.0022452737,-0.01259246,0.005780238,-0.0030654555,-0.013066688,-0.017387845,0.005435265,0.0032355175,0.0067856433,-0.01845983,-0.017597945,-0.006964282,0.0064390427,-0.006449703,0.0071791746,0.00012943435,-0.010169045,-0.00082141487,-0.0063040024,0.01360969,0.022238646,-0.013404593,-0.011415862,-0.025714679,-0.007636089,0.0014074927,-0.010082466,-0.0027832433,-0.01277463,0.0066267983,-0.0023703778,-0.0067778463,0.0123638,-0.0037142474,-0.014348688,0.01733913,-0.0049231052,0.015059125,-0.010970327,-0.023687914,-0.004708662,0.006548581,0.009831384,0.017188495,-0.0033244162,-0.0022059216,-0.011443784,0.0016658077,-0.016633661,-0.0085440725,0.001451629,0.0076213544,-0.004011933,-0.0076852175,0.0015906394,0.003877641,-0.0007653321,-0.0010165161,-0.01516389,-0.036984496,-0.0130284345,0.001708621,-0.006608442,0.010046688,0.025548799,0.011216436,0.022761205,0.007271731,-0.008988065,-0.024209416,0.0027572098,0.025439745,0.0021839815,-0.009836138,0.010509504,-0.005694243,-0.0061524506,0.02087971,0.01588063,-0.0007162036,0.018415561,-0.013602126,0.0130149,0.0010289013,0.02448454,-0.0040131332,-0.0043239086,0.0037507617,0.010187011]"
FCTE0001,FUNDAMENTOS LÓGICOS DE INTELIGÊNCIA ARTIFICIAL,"[-0.0029586232,-0.0025506949,0.008890004,-0.05527823,-0.0071289027,0.0029993332,-0.01670828,0.01728674,0.02072919,-0.018610112,0.0043337042,0.0041683572,0.00085540133,0.02561102,0.11698922,-0.013327166,0.0025215712,-0.00085748074,0.011741483,-0.022223955,0.025588831,0.013411041,-0.025179116,-0.018323004,-0.015548379,0.030911429,0.0033693223,0.028738987,0.02775091,-0.021688893,-0.0145702185,0.027595554,0.009143515,0.021211248,-0.0016442025,0.030970614,-0.007893936,-0.023078434,-0.008301733,0.041216806,-0.004718714,0.021006776,0.0063930643,-0.0029990117,0.017101835,0.009152448,0.01794783,-0.018962095,-0.016959805,-0.0078078522,-0.005725032,-0.004404905,-0.021426225,-0.18618631,-0.0021989583,-0.033256702,-0.0110706305,-0.02066555,0.0060456656,0.006973174,-0.03621237,0.007917754,-0.023783553,0.018617732,0.013660612,0.012829505,0.03368579,0.036051057,-0.03600939,-0.021928048,0.002654476,-0.0024948276,0.018299738,-0.0062034884,-0.018630704,0.0002536084,-0.006160048,0.010277706,0.0032592618,0.042953324,-0.0019455671,-0.0052125864,-0.000882075,-0.009630832,-0.0060981265,-0.023031535,0.022692248,-0.003270648,-0.011740131,0.0031299633,-0.02027255,0.00026686158,-0.009863331,0.01015717,0.02079136,-0.008687842,0.00036919463,0.014312034,-0.007592891,-0.0062787775,-0.013430023,-0.013774429,0.003894307,-0.012575114,0.003984156,-0.0028067944,0.024879884,0.004686302,-0.015047255,0.0041683707,0.0064664166,0.0040831254,0.0070894863,-0.0020102072,-0.0106378775,-0.21179947,0.013945715,0.025039608,-0.011831258,-0.010183466,-0.015499635,0.018166099,-0.01812749,0.007506996,-0.004100415,-0.017804923,0.005755493,-0.0019812074,-0.0049208743,-0.017695392,-0.013190824,-0.0073415455,-0.013051955,0.01588801,-0.002721417,0.05698953,-0.022949036,-0.012227566,0.0109076435,-0.0073247766,-0.0017694056,0.010734981,0.026644062,0.03395994,-0.0066398056,0.0016967301,-0.003452811,0.0035237416,0.009388826,-0.020307,0.0092148725,0.0112354765,-0.012614759,-0.018949056,0.0022283618,-0.0469119,0.015369656,-0.004502316,-0.0053993114,0.013905167,0.0074214707,-0.02183261,-0.0033991823,0.016347865,-0.006138209,-0.0034100567,-0.008408434,0.015432784,-0.0091607105,0.028324204,0.0035831863,-0.030072624,-0.020585684,-0.011463307,0.015224795,-0.0086159585,0.008552374,-0.0047204364,-0.023193313,-0.012229709,-0.00086798606,-0.0037985966,-0.009163351,-0.007676017,-0.011732456,-0.0018542772,0.002999221,0.017949255,-0.000869972,0.005931427,-0.015555792,-0.022830496,0.009681875,-0.001325716,0.0005957815,0.002745728,0.0071894513,-0.0035566578,0.013938668,0.019704537,0.009657618,-2.71011e-05,-0.003083037,-0.018602444,-0.01537071,-0.003623835,-0.00910175,-0.013968527,0.0011342996,0.0068872347,-0.009016751,0.0041048317,0.005372158,0.017399233,0.0052814498,-0.025182204,-0.0014042588,-0.0021283894,0.009725208,-0.004864171,-0.0032066428,0.0009136125,-0.00020608108,0.0030667207,0.012587631,-0.008139006,-0.011179839,-0.009315661,0.021420201,0.008124189,0.009161026,-0.002632801,0.0068081636,0.008508474,0.013759889,-0.018981397,-0.0019437312,0.0076095,0.037843674,0.0029695372,0.012857992,0.008644986,-0.015337087,-0.0050501134,0.031757586,-0.0011722877,0.0007589071,0.027942112,0.00047125353,0.007123391,-0.018733537,0.03608186,-0.017450828,-0.0049276315,0.02248417,0.0031713485]"
FAV0120,INSEMINACAO ARTIFICIAL,null
FGA0221,INTELIGÊNCIA ARTIFICIAL,"[0.0047774455,-0.015115949,0.015074581,-0.050193213,-0.008643135,-0.015781235,-0.0053768456,0.0066267974,0.0028271624,-0.012478315,-0.0071986527,0.008964865,-0.0033863026,0.03547999,0.105065905,-0.015857112,-0.0049901996,-0.0025504357,0.009922859,-0.020299148,0.03786747,-0.0058233207,-0.009848148,-0.01989176,-0.022413274,0.011478236,0.009844419,0.011456643,0.028909829,-0.016693406,-0.018005699,0.048352536,0.0157878,0.019687666,-0.0072635394,0.012693121,-0.007855797,-0.0062644854,-0.014559343,0.0173691,0.0036339092,0.0145679265,-0.009568294,0.013618893,0.007937713,0.0060181385,0.01546285,-0.013119931,-0.00892114,-0.00030384597,-0.002956783,-0.012684585,-0.006759777,-0.1927378,0.004860643,-0.017667143,-0.019806314,-0.018252114,0.0055346056,0.00050599006,-0.027135499,0.013930516,-0.021867726,-0.0032660319,0.0036784906,-0.0045048604,0.03283444,0.012631791,-0.023636498,-0.004361954,0.0068497527,-0.00094428303,0.015950179,-0.007922979,-0.01869773,-0.018798854,-0.00040355918,0.009758669,0.008334604,0.041124478,-0.01794521,-0.0104399305,0.0066677416,-0.0109561635,-0.001435881,-0.037915617,0.0069795,-0.0043184278,-0.015421178,-0.005549523,-0.012815365,0.008258657,-0.004760093,0.0025685846,-0.0040255603,0.001549486,-0.016622832,0.01129139,-0.011672986,5.1066534e-05,-0.00739626,-0.005126577,-5.7520774e-06,-0.002347017,0.0025393178,-0.010665564,0.015974712,0.0027680835,-0.017096184,0.012387763,-0.011580161,-0.010657424,0.004933553,0.0060999305,-0.0005813629,-0.20533097,0.021157479,-0.00617064,0.012191503,-0.01703398,-0.015567158,0.010860651,0.013018507,-0.007462049,0.013331155,-0.008111462,0.011478794,0.0013533093,-0.019647093,-0.0016129932,0.0046584485,-0.011119343,-0.012826614,0.01324072,0.0109278215,0.041961383,-0.037063688,-0.0007932921,0.010129581,0.003168261,-0.00483776,0.0036712931,0.0015706427,0.022912936,-0.0023108586,0.0013155815,-0.018004365,-0.002292815,0.012356188,-0.024488842,0.024475299,-0.0012494036,-0.010045505,-0.004532812,0.004439674,-0.038472623,0.00397465,0.008851007,-0.006737378,0.00680655,0.0038019386,-0.017657453,0.0030732732,0.017825807,-0.007135961,0.013596306,0.008575871,0.012260427,1.6268687e-05,0.028983045,0.015202626,-0.02610484,-0.023446493,0.0006583707,-0.0069109243,0.0050983704,0.014826754,-0.0040902323,-0.018080523,-0.023912946,-0.015867613,0.007508881,0.006011194,0.0008381529,-0.0020026914,-0.0034456444,-0.0052097375,0.015581681,0.004523951,0.017354293,-0.008873558,-0.0064297384,0.0065071993,-0.027768066,-0.0033876018,0.018853761,-0.0042086467,0.0046364325,0.019598505,0.025661137,-0.0003623718,0.00722569,0.015299384,-0.03302894,3.2801395e-06,-0.0024959876,-0.004385044,-0.031154908,-0.002454102,0.009389668,-0.021762062,0.016428603,0.0036929098,-0.0049743527,-0.00071906974,-0.011162204,-0.009769205,-0.018443463,0.010938729,-0.007713644,0.0080136685,0.0018676964,0.0004861147,0.00462156,0.0056348387,-0.0040898314,-0.026526678,-0.004369994,0.013868093,-0.005538534,0.02756126,0.014894887,-0.0038543027,0.020291286,0.018287465,-0.0024910534,-0.010892601,-0.011990654,0.020957123,-0.021054927,-0.016827513,0.0052857837,-0.0032845673,0.013804881,0.0024649547,-0.010396811,0.008365201,0.031511065,0.008356743,0.0037122548,-0.01780294,0.030379001,-0.013205637,-0.010749936,-0.0014566305,-0.0005089407]"
DPG0685,INTELIGÊNCIA ARTIFICIAL 1,"[-0.0061640264,-0.0026906605,0.008298941,-0.049227446,-0.016574118,-0.0017451152,-0.014055953,0.02978979,0.0040159957,-0.009015395,-0.007552628,0.005763404,-0.0042406735,0.019169651,0.11671003,-0.015243121,-0.008747551,0.007465441,0.009119178,-0.019278916,0.03803074,0.005378251,-0.016889047,-0.011746333,-0.018260503,0.015440054,0.019227486,0.008461849,0.026509853,-0.01702205,-0.011232489,0.047897756,0.010457359,0.013593354,0.0033039458,0.02200602,0.0023161026,-0.011632904,-0.016498039,0.021906702,-0.0057521365,0.014197863,-0.0064055095,0.00748282,0.0020258904,0.011141172,0.032621354,-0.016890476,-0.016297292,0.011983318,0.0053241737,-0.010007349,-0.021257471,-0.18192409,0.010225938,-0.028323933,-0.008793919,-0.014913338,0.015411241,-3.0659867e-05,-0.030241838,0.0068651405,-0.026720924,0.0050987494,-0.0052985847,-0.013348844,0.035855573,0.0341644,-0.025694525,-0.024636894,-0.007458453,0.0034584755,0.0081138825,-0.0161729,-0.02126061,-0.011128321,0.0031689133,-0.007365418,0.012047871,0.051623948,-0.012442623,0.0062545147,0.0029763544,-0.005240344,-0.0049700434,-0.040752385,0.0015181275,-0.007395726,-0.0075808973,-0.0040853717,-0.021500405,0.018060654,-0.027247192,0.0063108345,0.004184219,0.002720787,-0.006906211,0.002104072,0.010667667,-0.014690661,-0.008644533,-0.007583805,0.0015397314,-0.011366843,0.013564882,-0.017716369,0.01186806,-0.0058280686,-0.0077323243,-0.0008951382,0.00050420215,0.007800351,0.017512182,0.00554747,-0.0070512407,-0.19388498,0.021046631,0.011795471,-0.009025011,-0.006938651,-0.019788958,0.016509661,-0.008821398,-0.0047757993,-0.006856908,-0.01180644,0.010218314,-0.0013870648,-0.01585027,-0.011071273,-0.0016956489,-0.0038141436,-0.010647382,0.015344439,0.006894531,0.04134868,-0.037398998,0.0042175786,0.00016917617,-0.010989686,0.004866633,0.025519194,0.014025614,0.024024328,-0.0045079608,0.00432726,-0.006843593,0.011419835,0.005696414,-0.03125224,0.00808519,0.012363769,-0.02279186,0.00038705472,0.0146863,-0.044027336,0.0126311565,-0.007020162,0.0037958655,0.007365183,0.0064345086,-0.01929133,0.008419661,0.026901767,-0.011063132,0.0057314225,-0.011492249,0.005476162,0.00023424713,0.025222396,0.0026953283,-0.018529272,-0.027635455,0.007883598,0.0023046192,0.014137854,0.0038248817,-0.020628812,-0.023515383,-0.0054443413,-0.007798226,0.008398699,-0.0018108858,-0.0062352456,-0.014840506,0.002237595,-0.0046068206,0.019984502,-0.00934234,0.0063572377,-0.009680733,-0.010604179,0.0014907228,-0.016363634,0.008163139,-0.008381359,-0.0015783068,0.00060822617,0.019351114,0.023052605,0.00537751,-0.0038591556,0.0049909204,-0.034456804,0.0028618225,-0.0015972821,-0.011659711,-0.015869573,0.0086821765,0.003439285,0.0019491564,0.005692862,0.012293384,0.01696145,0.0036454292,-0.029884756,-0.008807005,0.008292017,0.012157814,-0.00091050135,-0.005479935,0.011920719,0.007166416,0.009116179,-0.003057855,-0.012345376,-0.0056208633,-0.016179144,0.031496692,0.0015895069,0.006795058,0.015715027,0.004309845,0.003425362,0.020380959,-0.02102271,-0.01135538,0.009511457,0.026418803,-0.0051705483,-0.0010153131,0.016143352,-0.007682784,0.009572581,0.017561201,-0.012992772,0.006958068,0.041214287,-0.0035027042,0.0024710447,-0.009312384,0.018092131,-0.018339051,0.019644083,0.011609092,0.011847204]"
CIC0288,INTELIGÊNCIA ARTIFICIAL GENERATIVA,"[0.0013523768,0.004413218,0.026148621,-0.05867917,-0.010215664,0.002297856,-0.011560134,0.015794868,0.021535799,0.0062979283,0.0057925484,-0.003385204,0.0107102785,0.02422922,0.13206434,0.004777916,0.0037975037,0.0014237493,0.016118627,-0.026750939,0.04645995,-0.006255805,-0.02868338,-0.00670198,-0.0227516,0.010567012,0.0121128615,0.011662023,0.045191858,-0.007791985,-0.02666918,0.02593638,0.010592168,0.018298883,-0.015450073,0.024404665,-0.0045248126,0.00013893163,-0.012211128,0.02169453,0.0029189074,-0.010684838,-0.012551764,-0.00017107384,0.021921998,0.0003213663,0.017855665,-0.027033618,-0.015142269,0.0043557137,-0.008385279,0.00825223,-0.02742205,-0.1791743,0.0048504015,-0.01847904,-0.018739475,-0.018813452,-0.0025595725,-0.003895654,-0.02326322,0.0043545733,-0.024896689,-0.0110565815,0.009886305,0.001457327,0.025058392,0.008049247,-0.033257324,-0.014071287,-0.008619101,-0.010288436,0.010531947,-0.00561902,-0.004795533,-0.010889498,0.008709432,0.002609928,-0.008191923,0.0483549,-0.005537114,0.009378002,0.007850176,-0.008368539,-0.021440279,-0.025821056,-0.0031910553,-0.02221955,-0.00090255565,-0.004598079,-0.020113114,0.01588784,0.01152955,0.023594238,-0.0014830503,-0.03689255,0.0003159164,0.0120755965,-0.00945836,-0.015925853,0.0027740186,-0.013257078,0.0017417946,-0.020744644,-0.003101855,-0.015545318,0.009518873,-0.017745089,-0.028544903,0.012091998,0.0027256957,-0.0031457872,0.011519338,0.00446399,0.005341154,-0.19513278,0.019193027,0.0074507487,-0.015908044,-0.0026139587,-0.0054716137,0.010480128,0.0036728056,0.0015387518,0.0033510083,-0.0007171194,0.0095204245,-0.00791354,-0.007338628,0.001671463,-0.017770633,-0.006869099,-0.013067225,0.00682418,-0.008401058,0.05465173,-0.018982613,-0.011359027,0.0044934726,-0.0039333496,-0.00018181284,0.028618604,0.010457709,0.021465058,-0.014453351,0.015424303,-0.010091991,0.0071197967,0.004689156,-0.022903971,0.014389835,-0.0051544285,-0.013744813,-0.006970828,-0.00493737,-0.037978888,0.011598946,0.0019286021,0.0024426696,0.0041637975,0.0009298679,-0.020406783,-0.010454202,0.018012706,0.0014470345,0.025650527,-0.014653799,0.019132463,-0.01346057,0.011992611,0.0055130227,-0.021244021,-0.003511372,0.00019727998,-0.0011063201,-0.00932091,-0.0011278106,-0.01036543,-0.00511024,-0.015487892,-0.0052783326,0.001669874,-0.008233707,-0.0058775027,0.01338455,0.0051042316,8.714217e-05,0.022716755,0.0023742588,0.011627472,-0.018686065,0.0030099435,0.01652751,-0.010109961,-0.008572668,-0.0039010013,0.001915286,-0.0035327298,0.004480813,0.025538951,0.0067849797,-0.00869148,0.016708849,-0.0354104,0.015771087,-0.006729002,-0.029531194,-0.009674702,0.0030709037,-0.00048390447,3.326839e-05,0.007426953,0.022797808,0.015216171,0.008766161,-0.0033704846,-0.01280428,-0.011705214,0.0064523867,-0.03061975,-0.0031820214,0.0039347685,-0.011190961,0.003723641,-0.012249579,-0.018988047,-0.026001781,0.003208372,0.014497389,0.0053845337,-0.0032126538,0.018113213,0.0097949365,0.0053406106,0.0006691749,-0.0076301782,-0.01014337,0.0012453988,0.025950689,-0.024292696,-0.010771356,0.02163748,0.0053120223,0.022152511,0.023859961,-0.012758635,0.027980985,0.024703572,0.0001332093,0.010763577,-0.01277922,0.00484207,-0.010359105,-0.012592478,-0.017008929,0.008867424]"
CIC0135,INTRODUCAO A INTELIGENCIA ARTIFICIAL,"[-0.008444913,-0.007339675,0.019748215,-0.057138473,-0.018047003,0.0041137743,-0.01551377,0.01963956,0.006654214,-0.003853394,0.0018408282,0.015327859,-0.0068623177,0.01940515,0.12230249,-0.024154508,0.010465931,-0.0044542532,0.011952338,-0.019931315,0.023265636,0.013092286,-0.010703323,-0.019733835,-0.017924944,0.02206615,0.0130079,0.014105237,0.03237379,-0.015086958,-0.013442512,0.038133353,0.012035537,0.02154824,-0.00062115217,0.024725186,-0.0046467367,-0.019909965,-0.009208974,0.030666377,0.010923322,0.013861868,-0.005275193,0.0004682138,0.007788329,0.007839772,0.0192916,-0.014859938,-0.013290189,-0.005109533,-0.0014437916,-0.009640247,-0.009566365,-0.20097652,0.003408258,-0.021286761,-0.015511194,-0.023430612,0.010600107,0.003324445,-0.038358238,0.00904661,-0.019154493,0.009476811,0.004539465,0.0039462964,0.029514054,0.019253418,-0.034115106,-0.016875781,-0.0032128547,-0.0014481017,0.014517033,-0.0055049285,-0.023944762,-0.00859269,-0.004654037,0.0053014345,0.0051965234,0.045982912,-0.019503381,0.0010065218,-0.00019027396,-0.009254812,-0.0081789475,-0.020276913,0.0064671277,-0.008989564,-0.009801679,-0.0046138973,-0.01914175,0.013400788,-0.0071444395,0.0076017356,0.0082152635,-0.0074466816,-0.0020329324,0.0021136198,-0.0074587422,-0.009056721,-0.012361334,-0.011595004,-0.0072241663,-0.014722779,0.017240357,-0.01162909,0.012786461,-0.005305374,-0.016722187,0.006766341,0.010677305,0.0061858683,0.011069257,-0.0018570082,-0.0066028126,-0.20360735,0.018524364,0.01528665,-0.008851968,-0.003470385,-0.019393291,0.008128933,-0.0067428607,-0.0016785585,0.0045416304,-0.010194253,0.007312461,0.0002948293,-0.017084422,-0.004848507,0.0043927776,-0.012416966,-0.011555638,0.017699625,0.009366958,0.055314884,-0.034895685,-0.009576646,0.0051489873,-0.0065556164,0.005704228,0.021632379,0.012279394,0.027504014,-0.0022900817,0.010112307,-0.0016041377,0.00577915,0.005922681,-0.021380015,0.01706106,0.008118981,-0.018821977,-0.01598958,0.004119675,-0.04072454,0.013014788,-0.00047637976,-0.0037289758,0.005939335,0.016854001,-0.016064657,-0.006923828,0.019434158,-0.0083646625,0.0066320915,-0.008752757,0.017134197,-0.01067427,0.018992262,0.0040840385,-0.015864948,-0.035361286,-0.008179463,-0.0014628393,0.001897425,-0.0014625245,0.0010082292,-0.016328609,-0.010644616,-0.0047073714,0.01137664,-0.012272964,-0.00027673345,-0.016687958,0.00355833,-0.009691219,0.025364531,-0.0024411748,0.0047993953,-0.016928753,-0.022149878,0.0059842025,-0.0025801451,-0.0012114755,0.009272238,0.010316139,0.0031232967,0.018216185,0.023406556,-0.0002786839,0.0027269756,0.0035289158,-0.0312101,0.00108295,0.0004945325,-0.0057634576,-0.016839737,0.00560188,-0.0018289044,-0.00861791,-0.0068190065,0.0038283095,0.023742288,0.013354482,-0.022766637,-0.0009970921,-0.012817823,0.008325521,0.0046978197,-0.0010793752,0.0028593175,0.0006425263,0.014780957,0.010452802,-0.008439313,-0.020568836,-0.014759626,0.02166973,0.0052870074,0.0101843355,0.008831929,0.0023822905,0.017851882,0.013078233,-0.012100198,-0.00986428,-0.0032183586,0.01685203,-0.013712449,-0.0050830944,0.017925926,-0.014608594,0.005014149,0.020623973,0.0012632767,0.0012404637,0.025098791,0.0032664957,-0.0013199112,-0.015058914,0.024028858,-0.015619806,0.0031254436,0.013401514,0.01204172]"
CIC0154,LINGUAGENS PARA INTELIGENCIA ARTIFICIAL,"[-0.0001251765,0.004971138,0.02632924,-0.044170402,-0.022795523,-0.0076033873,0.006576902,0.028307008,0.018080277,-0.0056974688,-0.007935453,0.011808665,-0.010563032,0.00019725636,0.113966554,-0.009723108,0.0022418709,0.007670888,0.00447282,-0.021068422,0.017194627,0.0022969705,-0.015050623,-0.024600761,-0.010829437,0.007961974,0.028832918,0.0030041244,0.024824977,-0.028290557,-0.028378228,0.028797574,0.014137077,0.012124472,-0.015486474,0.036952294,-0.013836964,-0.009423914,-0.0049688066,0.023296516,0.0012387307,0.0069492427,0.0023213949,0.0052844477,0.0034157124,0.00693884,0.010897062,-0.01573921,-0.016255505,0.017625771,0.010722361,-0.03328349,-0.02049756,-0.17305128,0.009438316,-0.01925378,-0.028696025,-0.0048067025,0.0017352406,-0.0007791775,-0.025867008,0.021345543,-0.02648068,0.0021088615,-0.008305205,0.009635282,-0.002296456,0.018061353,-0.024195176,-0.022765055,-0.0073338943,0.02645158,0.027849894,-0.0010263703,-0.011466113,-0.005205844,-0.004717462,-0.0071243546,0.007012991,0.057769604,-0.015103071,-0.012994609,0.0036541985,-0.014457639,-0.014672177,-0.027816992,0.016076777,-0.0069699925,0.0013652097,-0.0017419349,-0.022973195,-0.014822649,-0.012763555,0.012942482,0.013787969,0.0041469783,-0.011561106,0.01831984,-0.01800563,-0.0075873067,-0.011021452,-0.016256094,-0.0033385311,0.005463902,0.01080319,-0.02539588,0.024923338,-0.0054586404,-0.0030000021,-0.0030243266,-0.002279126,-0.01618735,0.014216291,0.00837242,-0.0025435814,-0.19730505,0.017947849,0.01634411,-0.012534039,0.0032943361,-0.0076348367,0.014235356,-0.0022686156,0.0008269662,-0.005653197,-0.010264612,0.0070070666,0.019219939,-0.023671111,-0.01594648,0.009380357,-0.0031674223,-0.011072442,0.020428376,0.005128744,0.037465546,-0.03772575,-0.0013695823,-0.0038397997,-0.0014195554,-0.0003405982,0.008934318,0.015834851,0.014832276,0.0032369297,-0.0032742422,-0.012983216,0.0010153431,0.00900971,-0.038942136,0.0092949085,-9.562056e-05,-0.026437186,-0.012612799,0.008275677,-0.04688371,0.015013803,0.0014044814,0.0047186143,0.006933668,-0.013305699,-0.0023169634,0.004545152,0.0069660996,0.0024198687,0.016827453,-0.019287918,0.02039333,-0.011846546,0.026111243,0.016035518,-0.009687685,-0.014709722,-0.014910481,-0.004592167,-0.0007407892,-0.005133881,-0.006078739,-0.016456349,-0.016612323,-0.0076337564,0.0016122865,-0.011091375,0.012290406,-0.004241175,0.003472724,-0.0005734154,0.019041805,-0.017397517,-0.0069431984,-0.013791209,-0.023356598,0.027599726,-0.011049741,0.0037462066,0.0072204033,-0.00890486,0.012730438,0.020032926,0.02424015,0.019350292,-0.011639065,0.016245091,-0.029703926,0.0010181036,-0.00069595926,0.0032227165,-0.028837016,0.0075829104,-0.015386197,-0.026493339,-0.009155242,0.012985423,0.012143115,0.013211472,-0.021365039,-0.0027235467,-0.002953205,0.0068044895,0.007620714,-0.007917,-0.0019025407,0.01634259,0.01983623,0.003290094,0.0007565787,-0.024736082,-0.012123593,0.021614838,0.00959113,0.01878754,0.014519877,0.011793655,0.015553528,0.016367275,-0.011804717,0.014991164,0.009206785,0.023243599,-0.009235951,-0.01215072,0.005684896,-0.007808868,0.004232161,0.020276627,-0.006853773,0.0154888285,0.028441923,-0.010009252,0.005515017,-0.027092157,0.02274683,-0.0045000995,-0.007861515,0.010325871,-0.0033271078]"
CIC0404,MONITORIA EM ESTUDOS EM INTELIGENCIA ARTIFICIAL,null
CIC0607,MONITORIA EM ESTUDOS EM INTELIGÊNCIA ARTIFICIAL,null
FAV0584,MONITORIA EM INSEMINACAO ARTIFICIAL,null
FGA0442,MONITORIA EM INTELIGÊNCIA ARTIFICIAL,null
CIC0403,MONITORIA EM INTRODUCAO A INTELIGENCIA ARTIFICIAL,null
CIC0519,MONITORIA EM LINGUAGENS PARA INTELIGENCIA ARTIFICIAL,null
ENE0508,MONITORIA EM NOÇÕES DE INTELIGÊNCIA ARTIFICIAL,null
ENE0082,NOÇÕES DE INTELIGÊNCIA ARTIFICIAL,"[0.00648941,-0.009417087,0.008291303,-0.050332353,-0.006201138,-0.009319411,-0.0076715327,0.011491058,0.021426348,0.005661078,0.0027187695,0.006511255,-0.004427747,0.011916459,0.12621681,-0.01842879,0.010191946,-0.0007613921,-0.0039235675,-0.018032696,0.027591402,0.011829592,-0.024516879,-0.028137906,-0.021732125,0.017565116,0.025237236,0.009645817,0.032564133,-0.015686464,-0.02070937,0.036796317,0.014044166,0.023478607,-0.0074116336,0.023210894,-0.020188278,-0.0060174945,-0.0049348497,0.020382501,0.0121475225,0.0024739366,-0.009266536,-0.014586008,0.0037828572,-0.0045469515,0.01960415,-0.03334817,-0.009868841,-0.0070106285,-0.003650467,-0.010947676,-0.029074676,-0.19042881,0.0030910955,-0.027493218,-0.019644886,-0.031701647,0.008263271,0.008045233,-0.036681496,0.013526183,-0.016128847,0.0015322745,-0.0012626735,-0.009407301,0.034421735,0.020080362,-0.016911507,-0.022033164,-0.0026107626,0.008054223,0.011931332,-0.014552727,-0.03235475,-0.00015979825,-0.00036147115,0.006683184,-0.0102507705,0.043578006,-0.018483853,0.00014504147,0.009504094,-0.0074011786,-0.011466886,-0.026553398,0.0007145385,-0.0073780627,-0.0024492047,-0.0005098039,-0.018496089,0.016257033,-0.0020413625,-0.004904882,0.002791251,-0.013010387,0.0066873142,0.0044483603,-0.00013343352,-0.015133646,0.00011897498,-0.010537087,0.009567719,-0.023637563,-0.0008678953,-0.019419165,0.019959057,-0.016957708,-0.023851838,0.010717968,0.012718682,0.01041954,0.0038616084,0.011745909,-0.0062724357,-0.20504507,0.009816297,0.002754447,-0.0067412807,-0.013671234,-0.01575593,0.017521815,-0.0016691645,0.0043989513,-0.008756907,-0.025520315,0.010377607,-0.005187834,-0.0067591066,-0.0147687625,-0.0012609047,-0.015241123,-0.017407022,0.009192382,0.0036490292,0.048403695,-0.022705477,-0.017423507,0.010261377,-0.0077449535,0.0008704171,0.019920811,0.007583047,0.012716109,-0.0012750009,0.004268122,-0.0058179344,-0.0037384732,0.0055728615,-0.0281695,0.015355828,0.0045064455,-0.011083041,-0.0035747346,0.008033046,-0.03812045,0.018937387,-0.0038597158,-0.0021773253,0.0007181279,0.005975107,-0.011524179,-0.010418385,0.030712655,-0.0033626454,0.010596597,-0.00971398,0.006903001,-0.005380596,0.019367388,0.018089795,-0.020318272,-0.014063726,-0.01687709,-0.008319664,-0.001372153,-0.0032027378,0.008139251,-0.018363975,-0.007631323,-0.013462283,0.00596909,-0.00074843166,-0.014307895,0.003389058,-0.0024288313,-0.0052793035,0.01895518,-0.007410167,0.010213257,-0.020591673,-0.015886977,0.010450494,-0.018573862,-0.0051562036,0.0053530307,0.0031153674,0.013209568,0.0124168,0.021315712,0.010750413,-0.015565779,0.009822324,-0.030451724,0.0067006713,-0.0075767543,-0.011986408,-0.014983423,0.014292761,-0.0015081579,-0.023976663,0.0013293105,0.006527326,0.005534452,0.0007637664,-0.0062800613,-0.0029682452,0.002070934,0.015879354,-0.00980851,0.013716762,0.016849142,-0.010730583,0.010835392,0.0032158045,-0.007275712,-0.017362187,-0.020871537,0.016806394,0.009104848,0.015127175,0.023235383,-0.004095428,0.022654487,0.014807311,-0.01541271,-0.017017491,-0.007870805,0.022030229,-0.006871895,0.0016341718,0.008749033,-0.0031962965,0.009975053,0.02364245,-0.00874445,0.01986027,0.031818554,0.004720218,-0.0076382672,-0.012369989,0.01963946,-0.006442034,-0.0046043685,0.0038759005,0.0029521813]"
ICE0013,PRATICAS DE EXTENSAO EM INTELIGENCIA ARTIFICIAL 1,"[-0.0075842123,0.0062768203,0.016335988,-0.068665914,-0.014278583,0.00834707,-0.0006677988,0.0041219573,0.00069803774,0.00044448016,-0.0076171826,-0.008473122,0.016617551,0.01615516,0.13323784,0.0063674767,-0.0042743892,0.0018050503,-0.008602294,-0.017961878,0.03511764,0.0036629736,-0.009044657,-0.014054808,-0.011738706,0.005798272,0.024557516,0.021927897,0.020226171,-0.01652733,-0.02004352,0.011567694,0.012887985,0.005288003,0.004575211,0.043458313,0.00042071193,-0.013851654,-0.01421964,0.025240986,-0.007867749,0.02172818,-0.012952823,0.006647495,0.0050242594,-0.0037671593,0.020464286,-0.0392058,-0.025406653,0.017626928,-0.0048037465,-0.018602816,-0.009497617,-0.209199,-0.011980389,-0.0073426273,-0.01720492,0.0013921831,0.007834028,-0.014807069,-0.022767678,0.022574902,-0.005324748,0.005970509,-0.018164251,0.009790226,0.02316749,0.00348435,-0.015304941,-0.011088556,0.021152167,-0.006551761,0.025486885,-0.033723347,-0.015150933,-0.01328991,-0.010599404,-0.0072279577,-0.009289996,0.043684438,-0.008048632,0.0056611276,-0.0010818157,-0.019687163,-0.017783795,-0.020335259,-0.012636421,-0.004599299,-0.014195696,-0.01289599,-0.016322987,0.023431838,-0.025006523,0.018319098,-0.018956346,0.0019734262,0.020791613,0.003184967,-0.0034844107,-0.0211086,-0.0040257103,0.00883938,-0.0045222864,-0.006219604,0.02040092,-0.032204542,0.004073454,0.0009642407,-0.008961456,0.028355844,0.0025565168,-0.006335212,0.014928909,0.0028054947,0.013504759,-0.17674056,0.019140046,0.0015446717,0.0014889905,-0.012633937,-0.011778702,0.01237493,-0.0031302148,-0.008777473,-0.0036371415,0.00094442494,0.011561222,0.004890898,-0.02192906,0.0014269046,-0.012125736,-0.011588726,-0.00087264075,0.009801172,0.0152795985,0.034667764,-0.011056608,0.0060791317,0.018102374,-0.0019267118,-0.013008441,0.037118535,0.0006056857,0.0065158717,-0.0010010959,-0.011179741,-0.017379686,0.012885106,-0.004991663,-0.0075356187,0.005593042,-0.008660532,-0.009723307,-0.003182665,-0.01419294,-0.032185234,0.02670367,-0.008221973,-0.00037751978,-0.0035567733,-0.0027420826,-0.013163143,-0.0037200956,0.031478684,-0.0020937915,0.012573383,-0.0020008867,0.0024714877,-0.006445538,0.022001859,0.00527043,-0.020449141,-0.00522645,-0.0069562644,0.024342805,0.021222645,0.011323261,-0.008772976,-0.02665868,-0.004782104,-0.017585488,0.015227951,0.0044281175,0.003847503,-0.0031701822,0.011451046,-0.01118785,0.01887913,0.019153845,0.00011151689,-0.0032092286,-0.011984071,0.0042607817,-0.029125733,-0.0022363132,-0.011174232,0.005048262,-0.01756532,0.007421693,0.03130294,0.008153892,0.003994282,0.017077077,-0.018383741,-0.00097192277,-0.0015045404,-0.0016055038,-0.0251952,0.01029452,-0.002445078,-0.0068443324,-0.0068356423,0.006805492,-0.0055621015,0.020831792,-0.031838153,-0.0047521917,-0.012169763,0.024956314,-0.0017340922,0.015381972,0.0013235004,0.020129215,0.0084220115,-0.004161136,-0.0039905705,-0.021755397,-0.017461056,0.014024718,0.016486162,0.0010863754,0.0044641136,-0.0045770905,4.963046e-05,0.008254826,-0.03856454,-0.0140529815,-7.402045e-05,0.014081337,-0.0020879982,-0.022598013,0.014628657,-0.004107994,-0.0011419753,0.02360895,0.0055488255,-0.002686933,0.02430084,-0.015291002,0.0029385644,-0.016435098,0.009628951,-0.018367395,-0.005236531,0.01515131,0.020675946]"
ICE0014,PRATICAS DE EXTENSAO EM INTELIGENCIA ARTIFICIAL 2,"[0.0041346415,-0.005506233,0.020033302,-0.07379486,-0.0063049756,-0.0071299886,-0.0038947503,0.007126082,0.010158306,0.0031185797,-0.010067541,-0.008785494,0.02145085,0.012668943,0.13757432,0.010922566,-0.0060840123,0.005877948,-0.004510373,-0.024049848,0.033374038,0.0052487403,-0.011389052,-0.024098324,-0.0095983045,-0.0015268615,0.031812325,0.0139757665,0.026789995,-0.011239734,-0.017444495,0.005915407,0.018862415,0.0057742307,0.008249928,0.043327834,-0.005702735,-0.015907573,-0.017399114,0.020504128,-0.009418185,0.018848674,-0.010917272,0.0089897085,0.0086086355,-0.013834877,0.015571484,-0.03853152,-0.019692115,0.008156846,-0.00063660654,-0.022979889,-0.002211729,-0.20639473,-0.0006136881,-0.016550949,-0.013149985,-0.0010156754,0.014837024,-0.01544563,-0.020503756,0.02711635,-0.009875919,-0.001421304,-0.0064942716,0.017099077,0.022436975,0.0039432133,-0.02409341,-0.0045636916,0.01825899,-0.005230311,0.021161115,-0.029753402,-0.0070634056,-0.014561657,-0.009731194,-0.010254928,-0.0082496535,0.040980298,-0.0011235861,0.0028247638,0.004936846,-0.024347449,-0.02318519,-0.018324636,-0.0018819196,-0.004415347,-0.010085377,-0.017733417,-0.02347532,0.010152056,-0.009029628,0.015150947,-0.011612967,0.0010409296,0.017364152,0.008930104,-0.008230972,-0.015684878,-0.008430903,0.011380098,-0.013173378,-0.016143402,0.020177057,-0.033208936,0.013262655,8.668109e-05,-0.0020515015,0.026363628,0.005496326,-0.011910453,0.013758497,0.0057883663,0.0017847827,-0.17445245,0.010632461,0.00019390919,0.0008968195,-0.005291776,-0.009772967,0.010422206,0.00048367202,-0.0059007737,-0.0045820023,0.0051614,0.020023605,0.0050755837,-0.020756137,0.006826462,-0.003030715,-0.0055764653,0.00032578973,0.009284145,0.01133689,0.024595099,-0.009141381,-0.00021832969,0.013084845,0.0005047812,-0.010913678,0.038963348,0.0029329972,0.013061707,0.0027442703,-0.01807293,-0.029731005,0.0037902421,0.0049180374,-0.02186201,0.0076239784,-0.0047721216,-0.0016973938,0.0034933425,-0.012023736,-0.03274085,0.01413814,-0.00069094443,-0.0030616513,0.0016768895,-0.005718551,-0.016636133,-0.0038344793,0.022241965,0.011273252,0.007166904,0.0016216951,-0.00052931096,-0.011242094,0.016577292,0.0025441982,-0.01930628,-0.009969808,-0.010226814,0.010063347,0.014423577,0.0065496103,-0.012039652,-0.02775115,-0.0010215618,-0.0265431,0.01230704,0.0059393733,0.0031096286,-0.0030741491,0.005528549,-0.020675862,0.022723207,0.009260982,-3.0369029e-05,-0.008941658,-0.013153248,0.010155597,-0.03185731,0.005060068,-0.026770573,0.0032255347,-0.014307117,0.004101484,0.03334233,0.02178266,0.009162654,0.025452074,-0.019017935,0.003341412,0.0029821927,-0.010417456,-0.02138936,0.010963098,-0.0040301043,-0.00066200667,-0.0022042922,0.0032630719,-0.009826435,0.013623527,-0.022526944,-0.0014626554,-0.020824375,0.0148369325,-0.009964862,0.015019203,-0.0034595064,0.016380202,0.02150979,0.0025009394,-0.0056074057,-0.023357285,-0.011296343,0.008493623,0.017553795,0.010709222,0.019883625,-0.009940613,-0.00049159984,0.008140017,-0.034942262,-0.0070851003,0.0047434377,0.015777752,-0.008935295,-0.0162072,0.018811202,-0.010823271,-0.004960989,0.018173905,-0.006082679,0.0060187983,0.01327935,-0.01784179,0.0045986553,-0.015696118,0.011327763,-0.0154441055,-0.005720697,0.008769015,0.019332824]"
ICE0015,PRATICAS DE EXTENSAO EM INTELIGENCIA ARTIFICIAL 3,"[-0.0044108443,-7.965012e-05,0.02857692,-0.065799035,-0.005420491,-0.0027396975,0.0018582436,0.009350143,0.00028886864,-0.008225414,-0.001584017,-0.0014684836,0.008269654,0.017224446,0.12676898,0.011431237,-0.011460644,0.008322383,-0.0021369818,-0.0077994843,0.033055086,0.007561095,-0.01776653,-0.018307308,-0.008005615,0.0040171472,0.03726891,0.016810443,0.013054872,-0.012039653,-0.009336195,0.021575412,0.018828709,0.0044936994,0.0023260636,0.041253563,0.007430578,-0.017462548,-0.011271188,0.02389997,-0.0023308974,0.02884599,-0.006625194,-0.0010435841,0.012849366,-0.004180194,0.02184195,-0.04096624,-0.025817173,0.015676055,0.009181739,-0.023026086,-0.004759701,-0.20801751,-0.009891033,-0.023847846,-0.015161598,-0.0017877739,0.0065654116,-0.008398402,-0.025316998,0.023226105,-0.0075046457,-0.0019258464,-0.00597304,0.015286451,0.019575402,-0.0016133399,-0.019333161,-0.009142209,0.019232977,0.00222388,0.031525366,-0.027669104,-0.0034732672,-0.0012546884,-0.007193626,-0.0013448752,-0.013755954,0.04555555,-0.006183998,-0.0018087745,0.0038469327,-0.01908137,-0.014489471,-0.020046119,-0.0021844695,0.00014631024,-0.010085122,-0.008288256,-0.018364761,0.01785399,-0.015985817,0.018976325,-0.018003777,4.4631386e-05,0.027123421,0.0030735072,-0.015013455,-0.021508703,0.009464003,0.01010017,0.004403063,-0.014713877,0.015258983,-0.028683027,0.0067151566,0.0006806717,-0.0014233423,0.032302953,0.0029138685,-0.0026746884,0.015009889,0.006644727,0.01794116,-0.16745423,0.009850187,0.0009994288,0.005647198,-0.0047680377,-0.0074867452,0.017428478,-0.0023145834,-0.00039327587,-0.0074204085,0.00056190067,0.010171045,0.015189744,-0.023309223,0.008136448,-0.005360063,-0.0033627837,0.007044413,0.004815782,0.0065122815,0.031174852,-0.012906764,-0.007640531,0.0051093404,-0.0071335617,-0.02391259,0.032345593,-0.0028123881,0.00590188,0.011827919,-0.023782602,-0.029001333,0.017094541,0.005805872,-0.013341742,0.006343526,-0.019423308,-0.0058350456,0.005211721,-0.015777605,-0.024703193,0.017291302,-0.0011188324,0.00087393867,0.00080772507,-0.013513318,-0.012499295,-0.008544472,0.023463584,0.007896231,0.0071072923,0.01177492,0.0053130537,0.0035596201,0.019039104,0.0046512675,-0.00491967,-0.009249451,-0.014576483,0.0104059065,0.022067988,0.01724198,-0.0007635826,-0.012535272,-0.017485503,-0.027269125,0.014298786,-0.0036583077,0.010460551,0.00092535536,0.0077684987,-0.00016849798,0.015289693,0.012127553,0.00292665,-0.01109825,-0.01066511,9.675503e-05,-0.036815986,-0.0031120284,-0.020910563,0.012270028,-0.024328556,0.002236473,0.027265584,0.016882742,0.007856201,0.021006007,-0.017164279,0.0028845142,-0.0021134915,-0.0042467536,-0.035000224,0.00045599593,-0.01011292,0.0005870296,-0.0069853,0.011061186,-0.007876902,0.021501882,-0.034146775,0.007920383,-0.024668045,0.0014205581,-0.0040089255,0.022068305,0.003722525,0.02727278,0.019945927,0.00239067,-0.004849766,-0.015020694,-0.008268273,0.004357705,0.012127891,0.0042094043,0.014850868,-0.01704964,0.0012751392,0.004663844,-0.036444966,-0.01480788,0.00064991554,0.017437933,-0.0034634224,-0.020190854,0.018183734,-0.0036078217,-0.0032042458,0.020277197,-0.009804862,-9.601964e-05,0.018597037,-0.0040970705,0.0059533934,-0.014433546,-0.0014328749,-0.012116756,-0.015209588,0.0033359232,0.007524192]"
ICE0008,PROJETO INTEGRADOR EM INTELIGENCIA ARTIFICIAL 1,"[0.0015649297,0.00018362862,0.0260695,-0.08419848,-0.009624561,-0.00077808707,0.005308281,0.011109818,-0.013134422,-0.020890392,0.000113495546,0.003206055,0.013856244,0.0060208747,0.14709209,0.00014852949,-0.0065294653,-0.013264171,-0.0045737135,-0.0048151007,0.029736165,0.0021449546,3.2236672e-05,-0.015264341,-0.020619592,0.0002915801,0.023246279,-0.0021890183,0.013985189,-0.0117487,-0.005353256,0.006163337,0.005794922,0.013362369,-0.0032465826,0.01531484,0.0077587967,-0.004852136,-0.017109677,0.014435018,-0.0019649693,0.023560474,-0.005232283,0.026161294,-0.0062610344,0.013733331,0.011095735,-0.037626658,-0.006741731,0.0066680354,-0.008977207,-0.009832508,-0.012108711,-0.22378916,-0.0021950053,0.0009312493,-0.01230996,-0.0084408615,-0.0063452246,-0.019607967,-0.02179526,0.015824454,-0.025313817,-0.0017157351,-0.005619145,-0.0024721643,0.029439041,0.014017296,-0.006886608,-0.028323047,0.0023619588,-0.0050541055,0.006605353,-0.03334472,-0.018124975,-0.013407774,0.0067566703,-0.006456018,0.011772697,0.03943943,-0.015660485,0.0001035468,0.008639644,-0.012627838,-0.012233655,-0.026320297,-0.0117213,-0.013213047,-0.013650746,-0.0166503,-0.03142797,0.015295894,0.00025793607,0.015183059,-0.023288373,-0.002485394,0.011914327,4.8524536e-05,0.0012538505,-0.0050077857,-0.007883455,-0.0009788366,-0.0008610066,0.0033814248,0.026977014,-0.01147589,0.022837672,-0.004250067,-0.0032449623,0.011803733,0.0017819769,-0.0035986917,0.018829817,0.011303957,0.0024885617,-0.18707772,0.020988312,-0.0061562834,0.0077554705,-0.009316537,-0.016446574,-0.0021621208,0.008447743,0.004661129,-0.00031030388,-0.015548714,0.0037497266,-0.0023991538,-0.0054576183,-0.019697918,0.008431589,-0.0009991445,-0.015086073,0.014370287,0.0052855117,0.022782974,-0.020904614,0.010811296,0.012575368,-0.007009255,-0.014940597,0.030454762,-0.0023046527,0.013381684,-0.00037630188,0.01118013,-0.017084833,0.004604476,-0.002649882,-0.015459443,0.0019290863,-0.0048092813,0.002708377,-0.004847102,-0.001323573,-0.043254364,0.008074922,-0.007737829,0.005468898,0.0134802405,0.009875328,-0.005650233,-0.007237571,0.034514688,-0.011883825,0.011023707,0.0008221382,-0.009635053,-0.00019032946,-0.007029867,0.021396872,-0.0144976135,-0.016506039,0.0026518276,0.013420943,0.013206722,0.020172838,-0.007269631,-0.019244296,-0.007530923,-0.022617381,0.004065617,0.002355425,-0.010783553,0.0062270886,0.0036776613,-0.011141226,0.017998943,-0.0035652008,0.007900995,-0.006649369,-0.018029882,0.009780128,-0.018953448,0.009583109,-0.009244038,-0.005412693,-0.015362579,0.011072158,0.014356718,0.019240264,-0.026983377,0.011003932,-0.021544963,-0.0046085785,-0.006415416,-0.005474542,-0.01478042,0.004831551,0.0030172186,-0.011614971,-0.01456094,0.003118904,0.008811379,-0.00035599587,-0.029057102,0.0018751033,-0.00964865,0.02115194,-0.020003196,0.0118004205,0.016569428,0.0034961351,-0.014111114,-0.014744474,-0.009231809,-0.028017733,-0.016718315,0.014089069,0.0103597995,0.011300538,0.0069383155,0.009580854,0.015948761,-8.793867e-05,-0.019461429,-0.013982101,-0.0007832645,0.02293983,-0.002491597,-0.012252425,0.023997547,-0.011211971,-0.0040017576,0.025801156,0.0025801004,0.005319934,0.022589732,-0.010284251,-0.0064949025,-0.011645692,0.021290379,-0.023152523,-0.010229036,0.019711683,-0.004359592]"
ICE0009,PROJETO INTEGRADOR EM INTELIGENCIA ARTIFICIAL 2,"[0.01282902,-0.006185515,0.028419143,-0.0879617,-0.0046070833,-0.0125262095,0.0018789003,0.013422866,-0.005928846,-0.016021192,-0.00035597393,0.00019030688,0.015877808,0.00479471,0.15172675,0.005304606,-0.01036934,-0.011825873,-0.0025486376,-0.01336599,0.027909055,0.00464431,-0.0022116473,-0.022238089,-0.019473763,-0.006104735,0.029870426,-0.007939866,0.021514235,-0.0072213532,-0.0023742116,0.0043507544,0.010537061,0.015338774,0.0011879405,0.013275838,0.0022085758,-0.0054654465,-0.01581793,0.012461192,-0.0019079736,0.019916577,-0.003866225,0.029904831,-0.00052360765,0.0029496623,0.0046948222,-0.036961477,-0.0010648909,0.0018329347,-0.0036090633,-0.012286571,-0.007976784,-0.21996428,0.009732048,-0.0071183713,-0.009848402,-0.011861516,0.0011086684,-0.018860709,-0.01964383,0.019691508,-0.029157948,-0.0087346,0.0036972044,0.0032689036,0.029946959,0.015464573,-0.01407085,-0.022256983,-0.0023310252,-0.004489338,0.0035096654,-0.030852646,-0.012815778,-0.012329448,0.010072298,-0.009273706,0.013350858,0.036367465,-0.009968992,-0.002697112,0.01337561,-0.017098539,-0.018943448,-0.0257387,-0.0011998507,-0.013564969,-0.0077910647,-0.019190544,-0.036037255,0.0028929433,0.014948343,0.016972015,-0.017885193,-0.0026348329,0.011098168,0.001138391,-0.0043437374,-0.0023656816,-0.011240386,0.0006723567,-0.010715183,-0.003379439,0.02752031,-0.010178379,0.030865856,-0.005834754,0.0020410162,0.008493764,0.005186359,-0.0043156524,0.014175984,0.010637291,-0.004815527,-0.18306549,0.014939284,-0.007473753,0.0054577743,-0.0034327973,-0.015969405,-0.0031627736,0.012691988,0.005213641,-0.0029572516,-0.011230474,0.012049784,-0.0006826838,-0.004259692,-0.014317927,0.016891459,0.0033159512,-0.010023946,0.012568852,0.0025706491,0.015064132,-0.018136851,0.0077141626,0.0070008417,-0.0049865698,-0.01580299,0.030453138,0.0006164496,0.018345168,0.005315107,0.0044917203,-0.02797008,-0.0030571898,0.007367078,-0.027393956,0.0025927748,-1.6750837e-05,0.008194728,-0.000425294,0.0019550319,-0.04665313,-0.0014020551,-0.0002810073,0.0029223184,0.019806711,0.00810712,-0.010736575,-0.00895238,0.02699893,0.0001820127,0.005613197,0.0038466502,-0.011064267,-0.00426899,-0.011380648,0.019541861,-0.012702279,-0.023970079,0.0011157629,0.0013853702,0.0066987956,0.017373225,-0.009149849,-0.02202542,-0.005800568,-0.029486684,0.0005091831,0.001839625,-0.008516477,0.0056564775,-0.005632873,-0.01858762,0.021561638,-0.011427621,0.007257935,-0.011658089,-0.02090174,0.012495438,-0.018167276,0.014530965,-0.021366253,-0.008157378,-0.011749413,0.00948111,0.013006374,0.031711865,-0.023797184,0.01683775,-0.02066548,-0.001961077,-0.004275724,-0.0140929315,-0.010932852,0.008111548,0.0004788169,-0.0062336037,-0.012740891,-0.0004031413,0.0044195256,-0.010179385,-0.024938656,0.00436677,-0.01566276,0.009682549,-0.024930988,0.008796611,0.014041126,-0.0018024378,-0.0027700074,-0.010609541,-0.010902391,-0.030391311,-0.0105054015,0.009754531,0.011260839,0.0190058,0.019958783,0.0040316745,0.016198922,-0.0010854546,-0.018038278,-0.00950627,0.0021231887,0.02210351,-0.006028786,-0.004685419,0.026601003,-0.016667672,-0.007326124,0.021589562,-0.0058465796,0.012106059,0.010537704,-0.015176448,-0.00404902,-0.0125224935,0.023097178,-0.023779407,-0.015555682,0.013659865,-0.0054494017]"
ICE0010,PROJETO INTEGRADOR EM INTELIGENCIA ARTIFICIAL 3,"[0.0051910877,-0.0031512275,0.03601066,-0.08081075,-0.0032390086,-0.011241119,0.008893244,0.016943675,-0.013133191,-0.028005062,0.0062830374,0.005930246,0.0048767016,0.006634924,0.14357744,0.007619883,-0.013315317,-0.0110467775,-0.0013521734,0.0032987958,0.025722137,0.0070312507,-0.008293295,-0.018598476,-0.016807148,-0.0011918419,0.034610115,-0.0054293904,0.010103892,-0.0085193915,0.0026932014,0.014704102,0.010659761,0.013011414,-0.0043509025,0.01485915,0.0155911865,-0.0091533875,-0.012986168,0.015671533,0.0027713072,0.031643517,0.0015393016,0.017633382,0.0018193378,0.0123862745,0.013015492,-0.03902582,-0.009186245,0.0054277964,0.005566033,-0.012866227,-0.0099503705,-0.21953364,-0.002759702,-0.01522406,-0.010631787,-0.008415836,-0.009275431,-0.01192287,-0.026204294,0.0153862145,-0.027542809,-0.00782532,0.0041636834,0.005133828,0.025805663,0.008857758,-0.008509711,-0.025706835,-0.0016402984,0.0035370402,0.010038819,-0.027364993,-0.00716325,-0.0022129556,0.009636699,-0.0024392756,0.006654275,0.039615247,-0.015719628,-0.007985266,0.0139463125,-0.012066673,-0.010044663,-0.026347207,-0.0020020506,-0.010229009,-0.006229346,-0.009520813,-0.03204901,0.010335791,0.007662953,0.02041038,-0.024054077,-0.0010490598,0.019238185,-0.0015581859,-0.010905428,-0.0038060287,0.00184447,-0.00056155195,0.0061279344,-0.00523942,0.022157403,-0.0087548755,0.028397828,-0.004305431,0.004149231,0.014508115,0.0015198633,0.0006107132,0.01910817,0.013872732,0.007804881,-0.17547394,0.01630123,-0.0064754146,0.010476309,-0.0030237522,-0.013264121,0.00060977536,0.009835341,0.015573742,-0.00630902,-0.014316379,0.000987794,0.009566334,-0.0064227884,-0.013019151,0.015430936,0.0049142526,-0.0069905887,0.0083093615,-0.002873778,0.019731352,-0.024397722,-0.0018428504,-0.00029561616,-0.01406558,-0.026442764,0.025427349,-0.005315092,0.014118624,0.012194245,-0.0013671772,-0.026871666,0.00801012,0.006699309,-0.019251091,0.0017847235,-0.016005317,0.003719396,0.0017494615,-0.0007293218,-0.03762379,-3.9806528e-05,0.001950867,0.0034868312,0.016272038,-0.0003672166,-0.005759179,-0.011575362,0.028077425,-0.004178986,0.009143812,0.011016116,-0.006250092,0.010790942,-0.0076943715,0.020961223,-0.0016588038,-0.019155374,-0.0022347954,0.0032942686,0.013340059,0.025824426,0.000853309,-0.008078972,-0.017523231,-0.027405612,0.0039866115,-0.006065135,-0.0019590396,0.009726407,-0.0007796054,0.00034864442,0.012494643,-0.008155117,0.009738925,-0.014151192,-0.015767846,0.0055082333,-0.022598734,0.0069116685,-0.018782198,-0.0002694405,-0.02537264,0.00606413,0.012477737,0.026765665,-0.02466317,0.012058027,-0.020000841,-0.0044032154,-0.004209063,-0.0077518346,-0.02604428,-0.004614576,-0.0035543125,-0.0046673683,-0.015304619,0.0077428953,0.0051815193,-0.0007452401,-0.0331551,0.012013796,-0.019314133,-0.0010567498,-0.020488903,0.019554747,0.019671913,0.008978269,-0.0012151859,-0.00941674,-0.011069359,-0.019791616,-0.005750281,0.0057554496,0.005527139,0.014819503,0.01651769,-0.0033962938,0.018591668,-0.0038424411,-0.02115525,-0.0114674475,0.00025001634,0.023908647,-0.00025013267,-0.011675292,0.027156433,-0.010333503,-0.004899088,0.024767777,-0.007909618,0.008791142,0.016844092,-0.0007659794,-0.0026076783,-0.010118247,0.011874176,-0.01467247,-0.023764653,0.011423438,-0.015590706]"
EST0173,REDES NEURAIS ARTIFICIAIS,"[-0.015824296,-0.0026624706,0.006317308,-0.075921714,-0.007564914,-0.0008884872,-0.0017580439,0.004157049,0.0064155506,0.005876597,0.0030565641,0.00089425,0.01181563,0.0059171114,0.13597298,-0.0125301685,0.0116853025,-0.0042520263,0.0013763173,-0.013001379,0.027417371,0.0057007684,-0.027656365,-0.008320196,-0.0028341908,0.006444819,0.024532625,0.002721255,0.019563872,-0.014676758,0.0057202685,0.022759581,0.02210642,0.02087949,-0.009393752,0.0041146814,-0.009159261,-0.00043206985,-0.007179001,0.013593232,0.009829164,-0.0074489755,0.00047987164,0.0040474585,-0.0014824108,0.021439184,0.02483576,-0.041084275,0.0019545525,0.0033942603,0.009424572,-0.009118811,-0.024340196,-0.2275093,0.0023363659,-0.0095165735,-0.010435382,-0.0123494,0.010830099,-0.01715007,-0.022574008,0.007274389,-0.015617611,-0.01809268,0.0112994965,0.009085661,0.03723599,0.020497095,-0.021421244,-0.008585985,0.009569147,-0.0011633504,0.02113453,-0.020003347,-0.01273536,-0.0067913486,-0.00753927,0.01039882,-0.020750627,0.047424573,0.002731216,0.0087735895,0.0047703804,0.009163723,-0.012068538,-0.018709987,-0.00032009438,-0.00574476,-0.011673429,-0.0014426796,-0.017764928,0.0031349645,0.0034604387,0.0019175374,-0.008048956,-0.00868255,0.016324636,0.015456257,0.011121581,0.0017242227,-0.0021465472,0.0041486667,-0.0015796741,0.000721921,0.005695481,-0.0302097,0.021953246,-0.0076850113,-0.01616643,0.020189904,0.002009676,-0.0015440893,0.005070268,0.029001795,0.0036781277,-0.2011417,0.0068663796,0.015322005,-0.010668447,-0.011853988,-0.016941223,0.008442036,0.033776816,-0.0057086316,0.0054881796,-0.0066629616,-0.012061628,-0.004974558,-0.0134306215,-0.011002513,0.008668838,-0.010275592,-0.02168203,-0.0036346545,0.0011650047,0.033830326,-0.028630892,-0.006502184,0.004278346,-0.01598021,-0.020254921,0.009304292,0.004738372,0.008083779,-0.0020747853,0.0065781185,-0.0034081442,0.004783152,0.0077761533,-0.02130428,0.0021666859,-0.021365492,-0.0012604045,-0.002454414,0.0055350866,-0.03609243,0.017234946,-0.01303864,0.0027805185,0.012604613,0.0024044411,0.0057727825,-0.0019797776,0.0145019805,-0.00733627,-0.0044715125,0.0051941792,0.00041364814,0.007046205,0.008359276,-0.0067841383,-0.017726958,-0.0097497925,-0.004390128,-0.010060217,0.0056769205,0.011824166,-0.0117960125,-0.01228465,-0.010062565,-0.01804966,-0.013802026,0.011611364,-0.026830168,-0.002001538,-0.024449015,0.0033441992,-0.0041737473,-0.007212419,0.002468001,-0.013352379,-0.010983136,0.009907471,-0.019024696,-0.0063248426,-0.0024187302,0.0068504987,0.013953892,0.0034329414,0.014400044,0.017020378,-0.009337549,0.023739105,-0.0022982957,0.0019776195,-0.014714254,0.000591821,-0.010082322,0.020267526,0.0061422833,-0.0006063469,-0.010557008,0.0052558067,-0.01378577,-0.009311259,-0.009169705,-0.011088809,0.00802449,0.02302618,-0.019083537,0.007030947,0.0054254956,-0.0026381568,-0.009097415,0.009996542,-0.010091355,-0.02674071,0.0050239395,0.01157501,-0.0010984917,0.0095082875,0.018213915,0.010522457,0.028907359,0.018774731,-0.019847278,-0.016383078,-0.0162508,0.027434597,-0.0076059354,-0.008362544,0.017406994,-0.00012820544,0.014470762,0.010087644,-0.006180681,0.01374965,0.022896564,-0.009635439,-0.007955576,-0.007386031,0.015387401,-0.028298508,-0.010187893,0.0040346123,0.014972494]"
CIC0287,REDES NEURAIS ARTIFICIAIS E APRENDIZAGEM PROFUNDA,"[-0.0023334967,-0.0012511193,0.011831524,-0.062188104,-0.0043107118,-0.009191034,-0.0012278032,0.010247803,0.011992831,0.0019117631,0.0010692963,0.00029661242,0.0026576358,0.017521614,0.130597,-0.020903593,0.003638888,-0.001121325,-0.0025125644,-0.016576637,0.02992535,-0.0005576947,-0.03134005,-0.01333623,-0.008475098,0.009989569,0.028295131,0.0116460165,0.040463623,-0.012258404,-0.0054262946,0.03402861,0.008102868,0.019360509,-0.009568956,0.010988336,-0.0096515715,-0.00020460262,-0.007666819,0.025481556,0.010911014,-0.007133773,0.007631485,-0.008746868,0.0056042867,-0.004677563,0.013181532,-0.033671208,-0.008344929,0.0031006637,-0.0061745727,-0.0002509531,-0.02071483,-0.19107948,0.00029244044,-0.010662203,-0.02982737,-0.027921787,0.0032718766,-0.004011142,-0.03191687,0.006927646,-0.0159711,-0.004459994,0.0064558205,-0.008512235,0.024879929,0.014142365,-0.025565665,-0.01109223,-0.00359083,6.00462e-05,0.009579953,-0.0056841015,-0.021726182,-0.015497751,-0.0056114094,0.014715475,-0.010008763,0.045911457,-0.010349522,0.00604743,0.018938798,0.0010397916,-0.015252116,-0.024354592,0.013344907,-0.009815733,-0.0033755563,-0.00022302147,-0.03224359,0.0152061265,0.016316967,0.01126889,3.313932e-05,-0.02123318,-0.0046375045,-0.0031623896,-0.008901154,-0.010846277,0.0032474448,-0.0102568595,-0.002650809,-0.019088112,0.007261673,-0.019970817,0.013528593,-0.020735186,-0.034544826,0.009445739,-0.0043793856,0.006848364,0.0040430804,0.026278486,0.006489928,-0.20401788,0.026315905,-0.0026685565,-0.023946833,-0.024992699,-0.010852797,0.0065497328,0.009300441,0.013785942,0.013875431,-0.018295119,-0.00054990174,-0.00688826,-0.012510295,-0.010207292,0.006373466,-0.010357363,-0.016649898,0.010189801,0.0054525477,0.055359703,-0.022393709,-0.019135246,0.0043315967,-0.003982737,-0.006768451,0.006597837,0.016494071,0.01725734,-0.009158906,0.008626025,-0.008112395,0.013407208,-0.009513559,-0.023650974,0.02007883,-0.015264896,0.0024418642,-0.001276427,-0.0034414364,-0.039260514,0.008404218,-0.005616378,-0.0020407815,0.015603968,0.008171924,-0.0064654825,-0.002392549,0.021733668,-0.0066069746,0.0066237515,-0.010019832,0.021934297,-0.00698907,0.016053593,0.0083021885,-0.011783493,-0.014980377,-0.010343309,-0.01692652,-0.010458685,0.0040331795,0.003464401,-0.007850416,-0.007829934,-0.0066664903,0.011316049,0.016429355,-0.0090264585,0.010740988,-0.0073533016,0.0040620607,0.015475865,0.008758948,0.0070363986,-0.018871631,-0.015984219,0.009468829,-0.019007914,-0.012345404,0.006192457,0.0051963623,0.021270541,0.009043436,0.014845599,0.014619112,-0.01985345,0.023341937,-0.0063322606,0.011662388,-0.016323486,-0.0072445604,-0.016618539,0.016319593,0.009621749,-0.014902834,-0.01799659,0.012919103,-0.007728905,-0.00034346193,-0.01702303,-0.0069107707,-0.008311822,0.011253248,-0.013123504,0.012351548,-0.00101421,0.0066317795,-0.0066101467,0.006149347,-0.017071323,-0.042884,-0.0045928624,0.025349593,-0.002092819,0.006855426,0.016127717,-0.0063600936,0.015164572,0.015186985,-0.008543391,-0.0077461307,-0.021208674,0.02435699,-0.02182605,-0.0005850828,0.015394393,-0.003547214,0.023446487,0.0011387444,0.011182844,0.025347454,0.033610087,0.0033253997,-0.005543202,-0.0142338285,0.02346698,-0.01673492,-0.014292124,0.0005406942,0.018271385]"
CIC0304,REDES NEURAIS PROFUNDAS,"[-0.013769447,0.003102413,0.0018490729,-0.084628284,-7.311753e-05,0.010111857,-0.0059868945,0.0014140373,-0.0007320323,0.0009779992,0.010053412,-0.004520562,0.012429843,0.004606908,0.13667957,0.0022917392,0.00020159088,0.009406399,-0.0005041064,-0.019450884,0.03237287,-0.0006943478,-0.029430421,-0.0142537635,-0.0014544098,0.0065968544,0.023720322,0.00014531544,0.029247444,-0.014636507,-0.00039483584,0.021724321,0.023509951,0.014436385,-0.011205281,0.010381076,-0.01619365,0.0030838735,-0.0057661696,0.017778337,0.0014357492,-0.0030840512,0.0011929405,-6.8389904e-06,0.004483189,0.011715242,0.02117356,-0.044626765,-0.0009846182,0.0041462723,-0.0025132825,-0.0048969793,-0.028851794,-0.22822616,0.002759074,-0.0059907604,-0.014804083,-0.017792353,0.0052605835,-0.0069063473,-0.03192567,0.008872006,-0.018229114,-0.023512607,0.014005179,0.0034186926,0.036562394,0.007943045,-0.015261282,-0.01065942,0.010670507,-0.0053214645,0.008675635,-0.009892907,-0.024686197,0.0011067714,-0.0035346935,0.01248898,-0.010511341,0.048852902,-0.0018975204,0.0036891864,0.0149007,0.0005993053,-0.010966265,-0.019242393,-0.005820171,-0.01611953,-0.003577394,0.005154537,-0.017494068,0.01690877,0.012091577,0.011032668,-0.0033355774,-0.01431324,0.020537298,0.006770534,0.013328658,-0.0002239273,-0.0013342729,-0.0018425348,-0.0034675018,-0.007444453,0.007673466,-0.023813926,0.011243871,-0.0074132485,-0.021154968,0.016782809,-0.0072366353,-0.0023860512,-0.0058706077,0.024336081,0.010302097,-0.2016936,0.0057292855,0.018234277,-0.018352022,-0.015069184,-0.017058734,0.0006785734,0.017387418,-0.011726886,0.005557912,-0.0020514305,-0.006767191,-0.002626884,-0.015513847,-0.017277708,0.011878855,-0.0036663539,-0.0051524863,-0.003926586,-0.00551318,0.03565687,-0.022047086,-0.004672236,0.0063073933,-0.015694547,-0.01951926,0.0099495435,0.004018841,0.008507972,-0.012682207,0.0071213255,-0.023341537,0.009642196,0.0061382693,-0.02205455,0.017291768,-0.021264123,-0.009634515,-0.007670525,0.010177087,-0.030989503,0.007379412,-0.013332111,0.008026038,0.008093119,0.0059555257,-0.0021900462,-0.008611813,0.014994529,0.0007512152,0.011067197,0.010987179,0.0013618632,0.009536185,0.011290224,-0.010255986,-0.013068662,-0.0035929163,-0.0005266777,-0.011699426,-0.0010368766,-0.0045737275,-0.00942119,-0.01026195,0.0060588084,-0.007227016,-0.00552585,0.010943921,-0.037396252,-0.0019462295,-0.022687893,0.0011946533,0.0020616823,0.0025639706,0.001355291,-0.016600298,0.005593177,0.012673214,-0.0118208,-0.0018398062,-0.011788509,0.008994466,0.023679715,0.0024856124,0.014790836,0.012122017,-0.0061173914,0.027767576,-0.0045821555,0.0062438753,-0.016558884,-0.0047225915,-0.0058441055,0.0076146647,-0.002247592,-0.020160163,-0.00966109,0.007333478,-0.026237957,-0.007407447,-0.0019746164,-0.02576735,0.0011983729,0.012126815,-0.021042868,0.016882759,0.008064839,0.0036551182,-0.01831939,0.010755491,-0.013609032,-0.02724561,-0.0030576251,0.0071391896,0.006096538,0.009014006,0.027738433,0.016727734,0.01890681,0.01828117,-0.022916261,-0.01283134,-0.0058067003,0.029253306,-0.002944766,-0.007740981,0.010741258,-0.002998883,0.0020181548,0.012338923,0.0047462047,0.022235597,0.021290721,-0.0061474377,0.0063789696,-0.013282563,0.008038684,-0.028150255,-0.01105077,0.0060139834,0.0092467535]"